{"stats":{"minecraft:dropped":{"minecraft:wheat_seeds":1,"alexsmobs:animal_dictionary":1},"minecraft:picked_up":{"irons_spellbooks:scroll":1,"minecraft:andesite":1,"minecraft:jungle_log":3,"irons_spellbooks:holy_rune":1,"minecraft:sand":35,"minecraft:oak_log":1,"minecraft:diorite":6,"minecraft:dirt":5,"irons_spellbooks:rare_ink":1,"irons_spellbooks:common_ink":1,"minecraft:wheat_seeds":1,"minecraft:jungle_stairs":1,"minecraft:jungle_sapling":1,"minecraft:cobblestone":18},"minecraft:mined":{"minecraft:andesite":1,"minecraft:jungle_stairs":1,"minecraft:grass_block":3,"minecraft:oak_log":1,"minecraft:jungle_log":3,"minecraft:sand":39,"minecraft:dirt":2,"minecraft:tall_grass":1,"regions_unexplored:medium_grass":1,"minecraft:stone":18,"minecraft:diorite":6,"minecraft:oak_leaves":1},"minecraft:killed_by":{"minecraft:iron_golem":1,"minecraft:vindicator":1,"man:managgresive":1,"apollyon:the_damned":2,"irons_spellbooks:priest":1,"iceandfire:sea_serpent":1,"iceandfire:siren":1},"minecraft:crafted":{"minecraft:oak_planks":4,"minecraft:crafting_table":1,"tombstone:grave_key":2,"minecraft:stick":4,"minecraft:wooden_pickaxe":1,"minecraft:jungle_planks":12},"minecraft:custom":{"minecraft:time_since_rest":1,"minecraft:waystone_activated":1,"lootr:looted_stat":26,"minecraft:sprint_one_cm":129605,"minecraft:damage_taken":2650,"minecraft:walk_one_cm":53698,"minecraft:mob_kills":3,"minecraft:drop":2,"minecraft:damage_dealt":1523,"minecraft:interact_with_crafting_table":2,"minecraft:swim_one_cm":64023,"minecraft:fly_one_cm":273589,"minecraft:crouch_one_cm":2567,"minecraft:play_time":34888,"minecraft:deaths":8,"minecraft:sneak_time":1651,"minecraft:walk_under_water_one_cm":2179,"minecraft:jump":1138,"minecraft:leave_game":1,"minecraft:walk_on_water_one_cm":8367,"minecraft:time_since_death":1604,"minecraft:climb_one_cm":1267,"minecraft:total_world_time":34888,"minecraft:damage_resisted":0,"minecraft:fall_one_cm":23745},"minecraft:killed":{"irons_spellbooks:priest":1,"terramity:green_fairy":1},"minecraft:used":{"minecraft:jungle_sapling":1,"minecraft:diorite":6,"minecraft:bread":4,"minecraft:ender_pearl":1,"minecraft:jungle_stairs":1,"minecraft:wooden_pickaxe":48,"tombstone:grave_key":1,"artifacts:everlasting_beef":1,"minecraft:cobblestone":12,"minecraft:sand":35,"minecraft:dirt":5,"minecraft:crafting_table":1,"minecraft:andesite":1,"simplyswords:iron_halberd":21,"tombstone:gift":1}},"DataVersion":3465}