{"stats":{"minecraft:dropped":{"minecraft:glass_bottle":1,"minecraft:wooden_axe":1,"born_in_chaos_v1:corpse_maggot":4,"minecraft:bow":1,"minecraft:jungle_planks":1,"minecraft:paper":4},"minecraft:picked_up":{"irons_spellbooks:scroll":2,"born_in_chaos_v1:corpse_maggot":4,"minecraft:crafting_table":3,"minecraft:anvil":2,"minecraft:jungle_log":3,"irons_spellbooks:holy_rune":2,"paraglider:goddess_statue":2,"minecraft:mossy_cobblestone":4,"irons_spellbooks:rare_ink":1,"minecraft:rotten_flesh":2,"irons_spellbooks:arcane_essence":9,"waystones:waystone":1,"crittersandcompanions:silk":5,"irons_spellbooks:epic_ink":3,"terramity:spiteful_soul":1,"born_in_chaos_v1:rotten_fish":2,"minecraft:melon_slice":84,"minecraft:cobblestone":2},"minecraft:mined":{"minecraft:coarse_dirt":1,"minecraft:mossy_cobblestone":5,"minecraft:anvil":2,"minecraft:crafting_table":3,"minecraft:melon":16,"minecraft:jungle_log":3,"crittersandcompanions:silk_cocoon":2,"minecraft:cobblestone":2,"minecraft:oak_leaves":2,"paraglider:goddess_statue":1},"minecraft:killed_by":{"minecraft:spider":1},"minecraft:crafted":{"minecraft:crafting_table":1,"minecraft:stick":8,"minecraft:iron_pickaxe":1,"minecraft:wooden_axe":1,"minecraft:iron_sword":1,"minecraft:bread":3,"minecraft:jungle_planks":12,"sophisticatedbackpacks:iron_backpack":1},"minecraft:custom":{"minecraft:time_since_rest":7984,"minecraft:sprint_one_cm":111525,"lootr:looted_stat":59,"minecraft:damage_taken":719,"minecraft:walk_one_cm":62490,"minecraft:mob_kills":12,"minecraft:interact_with_anvil":1,"minecraft:drop":6,"minecraft:damage_dealt":1869,"minecraft:fly_one_cm":172421,"minecraft:swim_one_cm":7139,"minecraft:interact_with_crafting_table":7,"minecraft:talked_to_villager":1,"minecraft:crouch_one_cm":767,"minecraft:play_time":30446,"tombstone:undead_killed":2,"minecraft:deaths":1,"minecraft:sneak_time":499,"minecraft:walk_under_water_one_cm":138,"minecraft:damage_dealt_resisted":0,"minecraft:jump":491,"minecraft:walk_on_water_one_cm":486,"minecraft:time_since_death":9883,"minecraft:climb_one_cm":5345,"minecraft:total_world_time":30446,"minecraft:fall_one_cm":16101},"minecraft:killed":{"scguns:swarm":2,"born_in_chaos_v1:zombie_fisherman":1,"minecraft:zombie":1,"born_in_chaos_v1:corpse_fly":3,"scguns:hive":1,"born_in_chaos_v1:maggot":3},"minecraft:used":{"minecraft:wooden_axe":33,"minecraft:bread":1,"minecraft:iron_pickaxe":15,"minecraft:iron_sword":22,"minecraft:potion":1,"minecraft:crafting_table":3,"simplyswords:iron_greataxe":2,"tombstone:gift":1}},"DataVersion":3465}